<?xml version="1.0"?>
<MEGACORE title="FFT MegaCore Function"  version="13.1"  build="162"  iptb_version="1.3.0 Build 162"  format_version="120" >
<NETLIST_SECTION class="altera.ipbu.flowbase.netlist.model.FFTModelClass"  active_core="asj_fft_sglstream_fft_131" >
<STATIC_SECTION>
<PRIVATES>
<NAMESPACE name = "parameterization">
<PRIVATE name = "use_mem" value="1"  type="BOOLEAN"  enable="1" />
<PRIVATE name = "mem_type" value="M512"  type="STRING"  enable="1" />
<PRIVATE name = "DEVICE" value="Cyclone IV E"  type="STRING"  enable="1" />
<PRIVATE name = "NPS" value="128"  type="INTEGER"  enable="1" />
<PRIVATE name = "MPR" value="16"  type="INTEGER"  enable="1" />
<PRIVATE name = "TWR" value="8"  type="INTEGER"  enable="1" />
<PRIVATE name = "OPR" value="29"  type="INTEGER"  enable="1" />
<PRIVATE name = "ARCH" value="0"  type="INTEGER"  enable="1" />
<PRIVATE name = "NUME" value="1"  type="INTEGER"  enable="1" />
<PRIVATE name = "ENGINE_THROUGHPUT" value="4"  type="INTEGER"  enable="1" />
<PRIVATE name = "BFP" value="1"  type="INTEGER"  enable="1" />
<PRIVATE name = "MULT_TYPE" value="1"  type="INTEGER"  enable="1" />
<PRIVATE name = "MULT_IMP" value="0"  type="INTEGER"  enable="1" />
<PRIVATE name = "MEGA" value="0"  type="INTEGER"  enable="1" />
<PRIVATE name = "M512" value="1"  type="INTEGER"  enable="1" />
<PRIVATE name = "LOGIC_IN_RAM" value="0"  type="INTEGER"  enable="1" />
<PRIVATE name = "NUM_LE" value="3410"  type="INTEGER"  enable="1" />
<PRIVATE name = "NUM_M4K" value="11"  type="INTEGER"  enable="1" />
<PRIVATE name = "NUM_MEGA" value="0"  type="INTEGER"  enable="1" />
<PRIVATE name = "NUM_M512" value="0"  type="INTEGER"  enable="1" />
<PRIVATE name = "NUM_DSP" value="24"  type="INTEGER"  enable="1" />
<PRIVATE name = "NUM_CALC_CYCLES" value="128"  type="INTEGER"  enable="1" />
<PRIVATE name = "NUM_BLK_THROUGHPUT_CYCLES" value="128"  type="INTEGER"  enable="1" />
<PRIVATE name = "rfs1" value="romfile_1024.hex"  type="STRING"  enable="1" />
<PRIVATE name = "rfs2" value="romfile_1024.hex"  type="STRING"  enable="1" />
<PRIVATE name = "rfs3" value="romfile_1024.hex"  type="STRING"  enable="1" />
<PRIVATE name = "rfc1" value="romfile_1024.hex"  type="STRING"  enable="1" />
<PRIVATE name = "rfc2" value="romfile_1024.hex"  type="STRING"  enable="1" />
<PRIVATE name = "rfc3" value="romfile_1024.hex"  type="STRING"  enable="1" />
<PRIVATE name = "ENA" value="0"  type="INTEGER"  enable="1" />
<PRIVATE name = "NUM_MEMBITS" value="90112"  type="INTEGER"  enable="1" />
<PRIVATE name = "INPUT_ORDER" value="1"  type="INTEGER"  enable="1" />
<PRIVATE name = "OUTPUT_ORDER" value="0"  type="INTEGER"  enable="1" />
<PRIVATE name = "REPRESENTATION" value="0"  type="INTEGER"  enable="1" />
<PRIVATE name = "ENGINE_ONLY" value="0"  type="INTEGER"  enable="1" />
<PRIVATE name = "DSP_ARCH" value="0"  type="INTEGER"  enable="1" />
<PRIVATE name = "DIRECTION" value="0"  type="INTEGER"  enable="1" />
</NAMESPACE>
<NAMESPACE name = "simgen_enable">
<PRIVATE name = "language" value="Verilog HDL"  type="STRING"  enable="1" />
<PRIVATE name = "enabled" value="1"  type="BOOLEAN"  enable="1" />
</NAMESPACE>
<NAMESPACE name = "simgen">
<PRIVATE name = "filename" value="fft.vo"  type="STRING"  enable="1" />
</NAMESPACE>
<NAMESPACE name = "greybox">
<PRIVATE name = "filename" value="fft_syn.v"  type="STRING"  enable="1" />
</NAMESPACE>
<NAMESPACE name = "quartus_settings">
<PRIVATE name = "DEVICE" value="EP4CE10F17C8"  type="STRING"  enable="1" />
<PRIVATE name = "FAMILY" value="Cyclone IV E"  type="STRING"  enable="1" />
</NAMESPACE>
<NAMESPACE name = "serializer"/>
</PRIVATES>
<FILES/>
<PORTS/>
<LIBRARIES/>
</STATIC_SECTION>
</NETLIST_SECTION>
</MEGACORE>
