<?xml version="1.0" ?>
<LOG_ROOT>
	<PROJECT NAME="fftpga">
		<CBX_INST_ENTRY INSTANCE_NAME="|firpga|fft_top:u_fft_top|data_modulus:u_data_modulus|sqrt:sqrt_inst|altsqrt:ALTSQRT_component|LPM_ADD_SUB:subtractors[6]" CBX_FILE_NAME="add_sub_fpc.tdf"/>
		<CBX_INST_ENTRY INSTANCE_NAME="|firpga|fft_top:u_fft_top|fft:u_fft|asj_fft_sglstream_fft_131:asj_fft_sglstream_fft_131_inst|asj_fft_lpp_serial_r2_fft_131:\gen_radix_2_last_pass:lpp_r2|asj_fft_pround_fft_131:\gen_full_rnd:u1|LPM_ADD_SUB:\gbrnd:nev:gp:lpm_add_sub_component" CBX_FILE_NAME="add_sub_14k.tdf"/>
		<CBX_INST_ENTRY INSTANCE_NAME="|firpga|fft_top:u_fft_top|fft:u_fft|asj_fft_sglstream_fft_131:asj_fft_sglstream_fft_131_inst|asj_fft_3dp_rom_fft_131:twrom|twid_rom_fft_131:\gen_M4K:sin_1n|altsyncram:\gen_auto:altsyncram_component" CBX_FILE_NAME="altsyncram_4191.tdf"/>
		<CBX_INST_ENTRY INSTANCE_NAME="|firpga|fft_top:u_fft_top|fft:u_fft|asj_fft_sglstream_fft_131:asj_fft_sglstream_fft_131_inst|asj_fft_dft_bfp_fft_131:\gen_dft_1:bfpdft|asj_fft_cmult_std_fft_131:\gen_da0:gen_std:cm1|asj_fft_mult_add_fft_131:\gen_ma:gen_ma_full:ma|altmult_add:ALTMULT_ADD_component" CBX_FILE_NAME="mult_add_jgq2.tdf"/>
		<CBX_INST_ENTRY INSTANCE_NAME="|firpga|fft_top:u_fft_top|data_modulus:u_data_modulus|sqrt:sqrt_inst|altsqrt:ALTSQRT_component|LPM_ADD_SUB:subtractors[8]" CBX_FILE_NAME="add_sub_oqc.tdf"/>
		<CBX_INST_ENTRY INSTANCE_NAME="|firpga|fft_top:u_fft_top|fft:u_fft|asj_fft_sglstream_fft_131:asj_fft_sglstream_fft_131_inst|asj_fft_dft_bfp_fft_131:\gen_dft_1:bfpdft|asj_fft_cmult_std_fft_131:\gen_da0:gen_std:cm2|asj_fft_mult_add_fft_131:\gen_ma:gen_ma_full:ma|altmult_add:ALTMULT_ADD_component" CBX_FILE_NAME="mult_add_jgq2.tdf"/>
		<CBX_INST_ENTRY INSTANCE_NAME="|firpga|fft_top:u_fft_top|audio_in_fifo:fifo_inst|dcfifo:dcfifo_component" CBX_FILE_NAME="dcfifo_8gj1.tdf"/>
		<CBX_INST_ENTRY INSTANCE_NAME="|firpga|fft_top:u_fft_top|data_modulus:u_data_modulus|lpm_mult:Mult0" CBX_FILE_NAME="mult_7dt.tdf"/>
		<CBX_INST_ENTRY INSTANCE_NAME="|firpga|fft_top:u_fft_top|data_modulus:u_data_modulus|sqrt:sqrt_inst|altsqrt:ALTSQRT_component|LPM_ADD_SUB:subtractors[9]" CBX_FILE_NAME="add_sub_pqc.tdf"/>
		<CBX_INST_ENTRY INSTANCE_NAME="|firpga|fft_top:u_fft_top|fft:u_fft|asj_fft_sglstream_fft_131:asj_fft_sglstream_fft_131_inst|asj_fft_3dp_rom_fft_131:twrom|twid_rom_fft_131:\gen_M4K:sin_3n|altsyncram:\gen_auto:altsyncram_component" CBX_FILE_NAME="altsyncram_6191.tdf"/>
		<CBX_INST_ENTRY INSTANCE_NAME="|firpga|fft_top:u_fft_top|fft:u_fft|asj_fft_sglstream_fft_131:asj_fft_sglstream_fft_131_inst|asj_fft_dft_bfp_fft_131:\gen_dft_1:bfpdft|asj_fft_cmult_std_fft_131:\gen_da0:gen_std:cm1|asj_fft_mult_add_fft_131:\gen_ma:gen_ma_full:ms|altmult_add:ALTMULT_ADD_component" CBX_FILE_NAME="mult_add_khq2.tdf"/>
		<CBX_INST_ENTRY INSTANCE_NAME="|firpga|fft_top:u_fft_top|fft:u_fft|asj_fft_sglstream_fft_131:asj_fft_sglstream_fft_131_inst|asj_fft_dft_bfp_fft_131:\gen_dft_1:bfpdft|asj_fft_cmult_std_fft_131:\gen_da0:gen_std:cm3|asj_fft_mult_add_fft_131:\gen_ma:gen_ma_full:ma|altmult_add:ALTMULT_ADD_component" CBX_FILE_NAME="mult_add_jgq2.tdf"/>
		<CBX_INST_ENTRY INSTANCE_NAME="|firpga|fft_top:u_fft_top|data_modulus:u_data_modulus|lpm_mult:Mult1" CBX_FILE_NAME="mult_7dt.tdf"/>
		<CBX_INST_ENTRY INSTANCE_NAME="|firpga|fft_top:u_fft_top|fft:u_fft|asj_fft_sglstream_fft_131:asj_fft_sglstream_fft_131_inst|asj_fft_dft_bfp_fft_131:\gen_dft_1:bfpdft|asj_fft_cmult_std_fft_131:\gen_da0:gen_std:cm2|asj_fft_mult_add_fft_131:\gen_ma:gen_ma_full:ms|altmult_add:ALTMULT_ADD_component" CBX_FILE_NAME="mult_add_khq2.tdf"/>
		<CBX_INST_ENTRY INSTANCE_NAME="|firpga|fft_top:u_fft_top|fft:u_fft|asj_fft_sglstream_fft_131:asj_fft_sglstream_fft_131_inst|asj_fft_dft_bfp_fft_131:\gen_dft_1:bfpdft|asj_fft_pround_fft_131:\gen_full_rnd:gen_rounding_blk:0:u0|LPM_ADD_SUB:\gbrnd:nev:gp:lpm_add_sub_component" CBX_FILE_NAME="add_sub_onj.tdf"/>
		<CBX_INST_ENTRY INSTANCE_NAME="|firpga|sld_signaltap:auto_signaltap_0|sld_signaltap_impl:sld_signaltap_body|sld_signaltap_implb:sld_signaltap_body|sld_offload_buffer_mgr:\stp_non_zero_depth_offload_gen:stp_offload_buff_mgr_inst|LPM_COUNTER:read_pointer_counter" CBX_FILE_NAME="cntr_i6j.tdf"/>
		<CBX_INST_ENTRY INSTANCE_NAME="|firpga|fft_top:u_fft_top|fft:u_fft|asj_fft_sglstream_fft_131:asj_fft_sglstream_fft_131_inst|asj_fft_dft_bfp_fft_131:\gen_dft_1:bfpdft|asj_fft_cmult_std_fft_131:\gen_da0:gen_std:cm3|asj_fft_mult_add_fft_131:\gen_ma:gen_ma_full:ms|altmult_add:ALTMULT_ADD_component" CBX_FILE_NAME="mult_add_khq2.tdf"/>
		<CBX_INST_ENTRY INSTANCE_NAME="|firpga|fft_top:u_fft_top|fft:u_fft|asj_fft_sglstream_fft_131:asj_fft_sglstream_fft_131_inst|asj_fft_dft_bfp_fft_131:\gen_dft_1:bfpdft|asj_fft_pround_fft_131:\gen_full_rnd:gen_rounding_blk:0:u1|LPM_ADD_SUB:\gbrnd:nev:gp:lpm_add_sub_component" CBX_FILE_NAME="add_sub_onj.tdf"/>
		<CBX_INST_ENTRY INSTANCE_NAME="|firpga|fft_top:u_fft_top|fft:u_fft|asj_fft_sglstream_fft_131:asj_fft_sglstream_fft_131_inst|asj_fft_dft_bfp_fft_131:\gen_dft_1:bfpdft|asj_fft_pround_fft_131:\gen_full_rnd:gen_rounding_blk:1:u0|LPM_ADD_SUB:\gbrnd:nev:gp:lpm_add_sub_component" CBX_FILE_NAME="add_sub_onj.tdf"/>
		<CBX_INST_ENTRY INSTANCE_NAME="|firpga|fft_top:u_fft_top|fft:u_fft|asj_fft_sglstream_fft_131:asj_fft_sglstream_fft_131_inst|asj_fft_4dp_ram_fft_131:\gen_M4K_Output:dat_C|asj_fft_data_ram_fft_131:\gen_rams:0:dat_A|altsyncram:\gen_M4K:altsyncram_component" CBX_FILE_NAME="altsyncram_aku3.tdf"/>
		<CBX_INST_ENTRY INSTANCE_NAME="|firpga|fft_top:u_fft_top|fft:u_fft|asj_fft_sglstream_fft_131:asj_fft_sglstream_fft_131_inst|asj_fft_dft_bfp_fft_131:\gen_dft_1:bfpdft|asj_fft_pround_fft_131:\gen_full_rnd:gen_rounding_blk:1:u1|LPM_ADD_SUB:\gbrnd:nev:gp:lpm_add_sub_component" CBX_FILE_NAME="add_sub_onj.tdf"/>
		<CBX_INST_ENTRY INSTANCE_NAME="|firpga|fft_top:u_fft_top|fft:u_fft|asj_fft_sglstream_fft_131:asj_fft_sglstream_fft_131_inst|asj_fft_dft_bfp_fft_131:\gen_dft_1:bfpdft|asj_fft_pround_fft_131:\gen_full_rnd:gen_rounding_blk:2:u0|LPM_ADD_SUB:\gbrnd:nev:gp:lpm_add_sub_component" CBX_FILE_NAME="add_sub_onj.tdf"/>
		<CBX_INST_ENTRY INSTANCE_NAME="|firpga|fft_top:u_fft_top|fft:u_fft|asj_fft_sglstream_fft_131:asj_fft_sglstream_fft_131_inst|asj_fft_4dp_ram_fft_131:\gen_M4K_Output:dat_C|asj_fft_data_ram_fft_131:\gen_rams:1:dat_A|altsyncram:\gen_M4K:altsyncram_component" CBX_FILE_NAME="altsyncram_aku3.tdf"/>
		<CBX_INST_ENTRY INSTANCE_NAME="|firpga|fft_top:u_fft_top|fft:u_fft|asj_fft_sglstream_fft_131:asj_fft_sglstream_fft_131_inst|asj_fft_4dp_ram_fft_131:\gen_M4K_Output:dat_D|asj_fft_data_ram_fft_131:\gen_rams:0:dat_A|altsyncram:\gen_M4K:altsyncram_component" CBX_FILE_NAME="altsyncram_aku3.tdf"/>
		<CBX_INST_ENTRY INSTANCE_NAME="|firpga|fft_top:u_fft_top|fft:u_fft|asj_fft_sglstream_fft_131:asj_fft_sglstream_fft_131_inst|asj_fft_dft_bfp_fft_131:\gen_dft_1:bfpdft|asj_fft_pround_fft_131:\gen_full_rnd:gen_rounding_blk:2:u1|LPM_ADD_SUB:\gbrnd:nev:gp:lpm_add_sub_component" CBX_FILE_NAME="add_sub_onj.tdf"/>
		<CBX_INST_ENTRY INSTANCE_NAME="|firpga|fft_top:u_fft_top|fft:u_fft|asj_fft_sglstream_fft_131:asj_fft_sglstream_fft_131_inst|asj_fft_dft_bfp_fft_131:\gen_dft_1:bfpdft|asj_fft_pround_fft_131:\gen_full_rnd:gen_rounding_blk:3:u0|LPM_ADD_SUB:\gbrnd:nev:gp:lpm_add_sub_component" CBX_FILE_NAME="add_sub_onj.tdf"/>
		<CBX_INST_ENTRY INSTANCE_NAME="|firpga|sld_signaltap:auto_signaltap_0|sld_signaltap_impl:sld_signaltap_body|sld_signaltap_implb:sld_signaltap_body|altdpram:\stp_non_zero_ram_gen:attribute_mem_gen:attribute_mem|lpm_decode:wdecoder" CBX_FILE_NAME="decode_dvf.tdf"/>
		<CBX_INST_ENTRY INSTANCE_NAME="|firpga|sld_signaltap:auto_signaltap_0|sld_signaltap_impl:sld_signaltap_body|sld_signaltap_implb:sld_signaltap_body|sld_offload_buffer_mgr:\stp_non_zero_depth_offload_gen:stp_offload_buff_mgr_inst|LPM_COUNTER:status_read_pointer_counter" CBX_FILE_NAME="cntr_23j.tdf"/>
		<CBX_INST_ENTRY INSTANCE_NAME="|firpga|fft_top:u_fft_top|fft:u_fft|asj_fft_sglstream_fft_131:asj_fft_sglstream_fft_131_inst|asj_fft_4dp_ram_fft_131:\gen_M4K_Output:dat_C|asj_fft_data_ram_fft_131:\gen_rams:2:dat_A|altsyncram:\gen_M4K:altsyncram_component" CBX_FILE_NAME="altsyncram_aku3.tdf"/>
		<CBX_INST_ENTRY INSTANCE_NAME="|firpga|fft_top:u_fft_top|fft:u_fft|asj_fft_sglstream_fft_131:asj_fft_sglstream_fft_131_inst|asj_fft_4dp_ram_fft_131:\gen_M4K_Output:dat_D|asj_fft_data_ram_fft_131:\gen_rams:1:dat_A|altsyncram:\gen_M4K:altsyncram_component" CBX_FILE_NAME="altsyncram_aku3.tdf"/>
		<CBX_INST_ENTRY INSTANCE_NAME="|firpga|fft_top:u_fft_top|fft:u_fft|asj_fft_sglstream_fft_131:asj_fft_sglstream_fft_131_inst|asj_fft_dft_bfp_fft_131:\gen_dft_1:bfpdft|asj_fft_pround_fft_131:\gen_full_rnd:gen_rounding_blk:3:u1|LPM_ADD_SUB:\gbrnd:nev:gp:lpm_add_sub_component" CBX_FILE_NAME="add_sub_onj.tdf"/>
		<CBX_INST_ENTRY INSTANCE_NAME="|firpga|fft_top:u_fft_top|fft:u_fft|asj_fft_sglstream_fft_131:asj_fft_sglstream_fft_131_inst|asj_fft_4dp_ram_fft_131:\gen_M4K_Output:dat_C|asj_fft_data_ram_fft_131:\gen_rams:3:dat_A|altsyncram:\gen_M4K:altsyncram_component" CBX_FILE_NAME="altsyncram_aku3.tdf"/>
		<CBX_INST_ENTRY INSTANCE_NAME="|firpga|fft_top:u_fft_top|fft:u_fft|asj_fft_sglstream_fft_131:asj_fft_sglstream_fft_131_inst|asj_fft_4dp_ram_fft_131:\gen_M4K_Output:dat_D|asj_fft_data_ram_fft_131:\gen_rams:2:dat_A|altsyncram:\gen_M4K:altsyncram_component" CBX_FILE_NAME="altsyncram_aku3.tdf"/>
		<CBX_INST_ENTRY INSTANCE_NAME="|firpga|fft_top:u_fft_top|fft:u_fft|asj_fft_sglstream_fft_131:asj_fft_sglstream_fft_131_inst|asj_fft_4dp_ram_fft_131:dat_A|asj_fft_data_ram_fft_131:\gen_rams:0:dat_A|altsyncram:\gen_M4K:altsyncram_component" CBX_FILE_NAME="altsyncram_aku3.tdf"/>
		<CBX_INST_ENTRY INSTANCE_NAME="|firpga|lcd_top:u_lcd_top|fifo:u_fifo|dcfifo:dcfifo_component" CBX_FILE_NAME="dcfifo_4sk1.tdf"/>
		<CBX_INST_ENTRY INSTANCE_NAME="|firpga|sld_signaltap:auto_signaltap_0|sld_signaltap_impl:sld_signaltap_body|sld_signaltap_implb:sld_signaltap_body|altsyncram:\stp_non_zero_ram_gen:stp_buffer_ram" CBX_FILE_NAME="altsyncram_h124.tdf"/>
		<CBX_INST_ENTRY INSTANCE_NAME="|firpga|fft_top:u_fft_top|data_modulus:u_data_modulus|sqrt:sqrt_inst|altsqrt:ALTSQRT_component|LPM_ADD_SUB:subtractors[0]" CBX_FILE_NAME="add_sub_8pc.tdf"/>
		<CBX_INST_ENTRY INSTANCE_NAME="|firpga|fft_top:u_fft_top|fft:u_fft|asj_fft_sglstream_fft_131:asj_fft_sglstream_fft_131_inst|asj_fft_4dp_ram_fft_131:\gen_M4K_Output:dat_D|asj_fft_data_ram_fft_131:\gen_rams:3:dat_A|altsyncram:\gen_M4K:altsyncram_component" CBX_FILE_NAME="altsyncram_aku3.tdf"/>
		<CBX_INST_ENTRY INSTANCE_NAME="|firpga|fft_top:u_fft_top|fft:u_fft|asj_fft_sglstream_fft_131:asj_fft_sglstream_fft_131_inst|asj_fft_4dp_ram_fft_131:dat_A|asj_fft_data_ram_fft_131:\gen_rams:1:dat_A|altsyncram:\gen_M4K:altsyncram_component" CBX_FILE_NAME="altsyncram_aku3.tdf"/>
		<CBX_INST_ENTRY INSTANCE_NAME="|firpga|fft_top:u_fft_top|fft:u_fft|asj_fft_sglstream_fft_131:asj_fft_sglstream_fft_131_inst|asj_fft_4dp_ram_fft_131:dat_B|asj_fft_data_ram_fft_131:\gen_rams:0:dat_A|altsyncram:\gen_M4K:altsyncram_component" CBX_FILE_NAME="altsyncram_aku3.tdf"/>
		<CBX_INST_ENTRY INSTANCE_NAME="|firpga|sld_signaltap:auto_signaltap_0|sld_signaltap_impl:sld_signaltap_body|sld_signaltap_implb:sld_signaltap_body|altdpram:\stp_non_zero_ram_gen:attribute_mem_gen:attribute_mem|lpm_mux:mux" CBX_FILE_NAME="mux_ssc.tdf"/>
		<CBX_INST_ENTRY INSTANCE_NAME="|firpga|sld_signaltap:auto_signaltap_0|sld_signaltap_impl:sld_signaltap_body|sld_signaltap_implb:sld_signaltap_body|sld_offload_buffer_mgr:\stp_non_zero_depth_offload_gen:stp_offload_buff_mgr_inst|LPM_COUNTER:\adv_point_3_and_more:advance_pointer_counter" CBX_FILE_NAME="cntr_4ii.tdf"/>
		<CBX_INST_ENTRY INSTANCE_NAME="|firpga|fft_top:u_fft_top|data_modulus:u_data_modulus|sqrt:sqrt_inst|altsqrt:ALTSQRT_component|LPM_ADD_SUB:subtractors[10]" CBX_FILE_NAME="add_sub_qqc.tdf"/>
		<CBX_INST_ENTRY INSTANCE_NAME="|firpga|fft_top:u_fft_top|data_modulus:u_data_modulus|sqrt:sqrt_inst|altsqrt:ALTSQRT_component|LPM_ADD_SUB:subtractors[1]" CBX_FILE_NAME="add_sub_apc.tdf"/>
		<CBX_INST_ENTRY INSTANCE_NAME="|firpga|fft_top:u_fft_top|fft:u_fft|asj_fft_sglstream_fft_131:asj_fft_sglstream_fft_131_inst|asj_fft_4dp_ram_fft_131:dat_A|asj_fft_data_ram_fft_131:\gen_rams:2:dat_A|altsyncram:\gen_M4K:altsyncram_component" CBX_FILE_NAME="altsyncram_aku3.tdf"/>
		<CBX_INST_ENTRY INSTANCE_NAME="|firpga|fft_top:u_fft_top|fft:u_fft|asj_fft_sglstream_fft_131:asj_fft_sglstream_fft_131_inst|asj_fft_4dp_ram_fft_131:dat_B|asj_fft_data_ram_fft_131:\gen_rams:1:dat_A|altsyncram:\gen_M4K:altsyncram_component" CBX_FILE_NAME="altsyncram_aku3.tdf"/>
		<CBX_INST_ENTRY INSTANCE_NAME="|firpga|fft_top:u_fft_top|fft:u_fft|asj_fft_sglstream_fft_131:asj_fft_sglstream_fft_131_inst|asj_fft_dft_bfp_fft_131:\gen_dft_1:bfpdft|asj_fft_cmult_std_fft_131:\gen_da0:gen_std:cm1|asj_fft_pround_fft_131:\gen_ma:gen_ma_full:u0|LPM_ADD_SUB:\gbrnd:nev:gp:lpm_add_sub_component" CBX_FILE_NAME="add_sub_lnj.tdf"/>
		<CBX_INST_ENTRY INSTANCE_NAME="|firpga|pll_clk:u_pll_clk|altpll:altpll_component" CBX_FILE_NAME="pll_clk_altpll.v"/>
		<CBX_INST_ENTRY INSTANCE_NAME="|firpga|fft_top:u_fft_top|data_modulus:u_data_modulus|sqrt:sqrt_inst|altsqrt:ALTSQRT_component|LPM_ADD_SUB:subtractors[11]" CBX_FILE_NAME="add_sub_rqc.tdf"/>
		<CBX_INST_ENTRY INSTANCE_NAME="|firpga|fft_top:u_fft_top|data_modulus:u_data_modulus|sqrt:sqrt_inst|altsqrt:ALTSQRT_component|LPM_ADD_SUB:subtractors[2]" CBX_FILE_NAME="add_sub_bpc.tdf"/>
		<CBX_INST_ENTRY INSTANCE_NAME="|firpga|fft_top:u_fft_top|fft:u_fft|asj_fft_sglstream_fft_131:asj_fft_sglstream_fft_131_inst|asj_fft_3dp_rom_fft_131:twrom|twid_rom_fft_131:\gen_M4K:cos_1n|altsyncram:\gen_auto:altsyncram_component" CBX_FILE_NAME="altsyncram_v091.tdf"/>
		<CBX_INST_ENTRY INSTANCE_NAME="|firpga|fft_top:u_fft_top|fft:u_fft|asj_fft_sglstream_fft_131:asj_fft_sglstream_fft_131_inst|asj_fft_4dp_ram_fft_131:dat_A|asj_fft_data_ram_fft_131:\gen_rams:3:dat_A|altsyncram:\gen_M4K:altsyncram_component" CBX_FILE_NAME="altsyncram_aku3.tdf"/>
		<CBX_INST_ENTRY INSTANCE_NAME="|firpga|fft_top:u_fft_top|fft:u_fft|asj_fft_sglstream_fft_131:asj_fft_sglstream_fft_131_inst|asj_fft_4dp_ram_fft_131:dat_B|asj_fft_data_ram_fft_131:\gen_rams:2:dat_A|altsyncram:\gen_M4K:altsyncram_component" CBX_FILE_NAME="altsyncram_aku3.tdf"/>
		<CBX_INST_ENTRY INSTANCE_NAME="|firpga|fft_top:u_fft_top|fft:u_fft|asj_fft_sglstream_fft_131:asj_fft_sglstream_fft_131_inst|asj_fft_dft_bfp_fft_131:\gen_dft_1:bfpdft|asj_fft_cmult_std_fft_131:\gen_da0:gen_std:cm1|asj_fft_pround_fft_131:\gen_ma:gen_ma_full:u1|LPM_ADD_SUB:\gbrnd:nev:gp:lpm_add_sub_component" CBX_FILE_NAME="add_sub_lnj.tdf"/>
		<CBX_INST_ENTRY INSTANCE_NAME="|firpga|fft_top:u_fft_top|fft:u_fft|asj_fft_sglstream_fft_131:asj_fft_sglstream_fft_131_inst|asj_fft_dft_bfp_fft_131:\gen_dft_1:bfpdft|asj_fft_cmult_std_fft_131:\gen_da0:gen_std:cm2|asj_fft_pround_fft_131:\gen_ma:gen_ma_full:u0|LPM_ADD_SUB:\gbrnd:nev:gp:lpm_add_sub_component" CBX_FILE_NAME="add_sub_lnj.tdf"/>
		<CBX_INST_ENTRY INSTANCE_NAME="|firpga|fft_top:u_fft_top|data_modulus:u_data_modulus|sqrt:sqrt_inst|altsqrt:ALTSQRT_component|LPM_ADD_SUB:subtractors[12]" CBX_FILE_NAME="add_sub_sqc.tdf"/>
		<CBX_INST_ENTRY INSTANCE_NAME="|firpga|fft_top:u_fft_top|data_modulus:u_data_modulus|sqrt:sqrt_inst|altsqrt:ALTSQRT_component|LPM_ADD_SUB:subtractors[3]" CBX_FILE_NAME="add_sub_cpc.tdf"/>
		<CBX_INST_ENTRY INSTANCE_NAME="|firpga|fft_top:u_fft_top|fft:u_fft|asj_fft_sglstream_fft_131:asj_fft_sglstream_fft_131_inst|asj_fft_3dp_rom_fft_131:twrom|twid_rom_fft_131:\gen_M4K:cos_2n|altsyncram:\gen_auto:altsyncram_component" CBX_FILE_NAME="altsyncram_0191.tdf"/>
		<CBX_INST_ENTRY INSTANCE_NAME="|firpga|fft_top:u_fft_top|fft:u_fft|asj_fft_sglstream_fft_131:asj_fft_sglstream_fft_131_inst|asj_fft_4dp_ram_fft_131:dat_B|asj_fft_data_ram_fft_131:\gen_rams:3:dat_A|altsyncram:\gen_M4K:altsyncram_component" CBX_FILE_NAME="altsyncram_aku3.tdf"/>
		<CBX_INST_ENTRY INSTANCE_NAME="|firpga|fft_top:u_fft_top|fft:u_fft|asj_fft_sglstream_fft_131:asj_fft_sglstream_fft_131_inst|asj_fft_dft_bfp_fft_131:\gen_dft_1:bfpdft|asj_fft_cmult_std_fft_131:\gen_da0:gen_std:cm2|asj_fft_pround_fft_131:\gen_ma:gen_ma_full:u1|LPM_ADD_SUB:\gbrnd:nev:gp:lpm_add_sub_component" CBX_FILE_NAME="add_sub_lnj.tdf"/>
		<CBX_INST_ENTRY INSTANCE_NAME="|firpga|fft_top:u_fft_top|fft:u_fft|asj_fft_sglstream_fft_131:asj_fft_sglstream_fft_131_inst|asj_fft_dft_bfp_fft_131:\gen_dft_1:bfpdft|asj_fft_cmult_std_fft_131:\gen_da0:gen_std:cm3|asj_fft_pround_fft_131:\gen_ma:gen_ma_full:u0|LPM_ADD_SUB:\gbrnd:nev:gp:lpm_add_sub_component" CBX_FILE_NAME="add_sub_lnj.tdf"/>
		<CBX_INST_ENTRY INSTANCE_NAME="|firpga|sld_signaltap:auto_signaltap_0|sld_signaltap_impl:sld_signaltap_body|sld_signaltap_implb:sld_signaltap_body|sld_offload_buffer_mgr:\stp_non_zero_depth_offload_gen:stp_offload_buff_mgr_inst|LPM_COUNTER:status_advance_pointer_counter" CBX_FILE_NAME="cntr_egi.tdf"/>
		<CBX_INST_ENTRY INSTANCE_NAME="|firpga|fft_top:u_fft_top|data_modulus:u_data_modulus|sqrt:sqrt_inst|altsqrt:ALTSQRT_component|LPM_ADD_SUB:subtractors[13]" CBX_FILE_NAME="add_sub_tqc.tdf"/>
		<CBX_INST_ENTRY INSTANCE_NAME="|firpga|fft_top:u_fft_top|data_modulus:u_data_modulus|sqrt:sqrt_inst|altsqrt:ALTSQRT_component|LPM_ADD_SUB:subtractors[4]" CBX_FILE_NAME="add_sub_dpc.tdf"/>
		<CBX_INST_ENTRY INSTANCE_NAME="|firpga|fft_top:u_fft_top|fft:u_fft|asj_fft_sglstream_fft_131:asj_fft_sglstream_fft_131_inst|asj_fft_3dp_rom_fft_131:twrom|twid_rom_fft_131:\gen_M4K:cos_3n|altsyncram:\gen_auto:altsyncram_component" CBX_FILE_NAME="altsyncram_1191.tdf"/>
		<CBX_INST_ENTRY INSTANCE_NAME="|firpga|fft_top:u_fft_top|fft:u_fft|asj_fft_sglstream_fft_131:asj_fft_sglstream_fft_131_inst|asj_fft_dft_bfp_fft_131:\gen_dft_1:bfpdft|asj_fft_cmult_std_fft_131:\gen_da0:gen_std:cm3|asj_fft_pround_fft_131:\gen_ma:gen_ma_full:u1|LPM_ADD_SUB:\gbrnd:nev:gp:lpm_add_sub_component" CBX_FILE_NAME="add_sub_lnj.tdf"/>
		<CBX_INST_ENTRY INSTANCE_NAME="|firpga|fft_top:u_fft_top|data_modulus:u_data_modulus|sqrt:sqrt_inst|altsqrt:ALTSQRT_component|LPM_ADD_SUB:subtractors[14]" CBX_FILE_NAME="add_sub_uqc.tdf"/>
		<CBX_INST_ENTRY INSTANCE_NAME="|firpga|fft_top:u_fft_top|data_modulus:u_data_modulus|sqrt:sqrt_inst|altsqrt:ALTSQRT_component|LPM_ADD_SUB:subtractors[5]" CBX_FILE_NAME="add_sub_epc.tdf"/>
		<CBX_INST_ENTRY INSTANCE_NAME="|firpga|fft_top:u_fft_top|fft:u_fft|asj_fft_sglstream_fft_131:asj_fft_sglstream_fft_131_inst|asj_fft_lpp_serial_r2_fft_131:\gen_radix_2_last_pass:lpp_r2|asj_fft_pround_fft_131:\gen_full_rnd:u0|LPM_ADD_SUB:\gbrnd:nev:gp:lpm_add_sub_component" CBX_FILE_NAME="add_sub_14k.tdf"/>
		<CBX_INST_ENTRY INSTANCE_NAME="|firpga|fft_top:u_fft_top|fft:u_fft|asj_fft_sglstream_fft_131:asj_fft_sglstream_fft_131_inst|auk_dspip_avalon_streaming_sink_fft_131:auk_dsp_atlantic_sink_1|scfifo:\normal_fifo:fifo_eab_on:in_fifo" CBX_FILE_NAME="scfifo_udh1.tdf"/>
		<CBX_INST_ENTRY INSTANCE_NAME="|firpga|fft_top:u_fft_top|data_modulus:u_data_modulus|sqrt:sqrt_inst|altsqrt:ALTSQRT_component|LPM_ADD_SUB:subtractors[15]" CBX_FILE_NAME="add_sub_vqc.tdf"/>
		<CBX_INST_ENTRY INSTANCE_NAME="|firpga|fft_top:u_fft_top|data_modulus:u_data_modulus|sqrt:sqrt_inst|altsqrt:ALTSQRT_component|LPM_ADD_SUB:subtractors[7]" CBX_FILE_NAME="add_sub_nqc.tdf"/>
		<CBX_INST_ENTRY INSTANCE_NAME="|firpga|fft_top:u_fft_top|fft:u_fft|asj_fft_sglstream_fft_131:asj_fft_sglstream_fft_131_inst|asj_fft_3dp_rom_fft_131:twrom|twid_rom_fft_131:\gen_M4K:sin_2n|altsyncram:\gen_auto:altsyncram_component" CBX_FILE_NAME="altsyncram_5191.tdf"/>
	</PROJECT>
</LOG_ROOT>
